City_ID,City,Country,Lat,Lng,Max Temp,Humidity,Cloudiness,Wind Speed,Current Description
0,Yellowknife,CA,62.456,-114.3525,-6.59,91,91,15.19,overcast clouds
1,Santa Maria,BR,-29.6842,-53.8069,76.39,52,59,15.03,broken clouds
2,Mataura,NZ,-46.1927,168.8643,45.05,98,58,1.19,broken clouds
3,Albanel,CA,48.8832,-72.4487,22.41,72,27,0.63,scattered clouds
4,Punta Arenas,CL,-53.15,-70.9167,48.92,50,22,28.83,few clouds
5,Tete,MZ,-16.1564,33.5867,84.56,27,6,4.59,clear sky
6,Comodoro Rivadavia,AR,-45.8667,-67.5,67.82,35,15,7.85,few clouds
7,Bengkulu,ID,-3.8004,102.2655,76.03,87,98,9.48,light rain
8,Georgetown,MY,5.4112,100.3354,76.53,91,100,4.74,overcast clouds
9,Tuktoyaktuk,CA,69.4541,-133.0374,-10.34,92,100,16.93,overcast clouds
10,Kaputa,ZM,-8.4689,29.6619,76.64,70,30,2.24,scattered clouds
11,Hurghada,EG,27.2574,33.8129,76.46,37,5,2.39,clear sky
12,Limbang,MY,4.75,115.0,73.96,94,96,1.25,overcast clouds
13,Manggar,ID,-2.8833,108.2667,79.86,79,74,5.73,broken clouds
14,Morros,BR,-9.4467,-46.3003,85.59,57,86,4.12,moderate rain
15,Adrar,MR,20.5022,-10.0711,74.89,18,25,9.69,scattered clouds
16,Cape Town,ZA,-33.9258,18.4232,65.73,70,8,6.53,clear sky
17,Ust-Kuyga,RU,70.0167,135.6,-11.85,98,100,3.29,overcast clouds
18,Breza,BA,44.0183,18.2608,34.18,94,100,7.72,light snow
19,Rikitea,PF,-23.1203,-134.9692,76.1,76,1,17.87,clear sky
20,Kruisfontein,ZA,-34.0033,24.7314,64.38,70,97,5.32,overcast clouds
21,Udachnyy,RU,66.4167,112.4,-32.26,100,100,3.58,overcast clouds
22,Vaini,TO,-21.2,-175.2,75.58,65,91,16.4,overcast clouds
23,Luderitz,NA,-26.6481,15.1594,66.45,75,0,17.25,clear sky
24,Port Hawkesbury,CA,45.6169,-61.3485,44.64,87,100,15.88,moderate rain
25,Ponta Do Sol,PT,32.6667,-17.1,64.4,69,62,4.38,broken clouds
26,Srednekolymsk,RU,67.45,153.6833,-20.63,98,100,5.41,overcast clouds
27,Aguilas,ES,37.4063,-1.5829,59.47,56,0,5.86,clear sky
28,Kavieng,PG,-2.5744,150.7967,81.39,81,100,14.47,moderate rain
29,Arraial Do Cabo,BR,-22.9661,-42.0278,76.39,82,26,13.31,scattered clouds
30,Katobu,ID,-4.9408,122.5276,74.89,96,100,3.91,overcast clouds
31,Hokitika,NZ,-42.7167,170.9667,58.55,80,100,2.26,overcast clouds
32,Carnarvon,AU,-24.8667,113.6333,71.83,73,1,22.08,clear sky
33,Dakar,SN,14.6937,-17.4441,77.61,56,48,22.06,scattered clouds
34,Whitehorse,CA,60.7161,-135.0538,-1.89,98,90,2.19,overcast clouds
35,Cumana,VE,10.4635,-64.1775,84.18,66,95,7.74,overcast clouds
36,Ushuaia,AR,-54.8,-68.3,47.35,56,66,14.97,light rain
37,Bandarbeyla,SO,9.4942,50.8122,78.69,72,6,21.05,clear sky
38,Bethel,US,41.3712,-73.414,37.49,62,81,10.92,broken clouds
39,Bambous Virieux,MU,-20.3428,57.7575,78.13,61,0,6.42,clear sky
40,Busselton,AU,-33.65,115.3333,52.14,79,0,7.76,clear sky
41,Kapaa,US,22.0752,-159.319,74.23,64,27,17.22,scattered clouds
42,Salalah,OM,17.0151,54.0924,78.78,43,4,4.99,clear sky
43,Butaritari,KI,3.0707,172.7902,81.37,79,77,11.03,broken clouds
44,Amapa,BR,1.0,-52.0,86.25,63,77,4.29,broken clouds
45,Manikpur,IN,25.0667,81.1167,63.12,50,89,2.1,overcast clouds
46,Porto Nacional,BR,-10.7081,-48.4172,81.54,78,100,4.27,overcast clouds
47,Mahibadhoo,MV,3.7833,72.9667,81.73,78,100,13.24,overcast clouds
48,Barrow,US,71.2906,-156.7887,-16.94,98,100,7.52,overcast clouds
49,Slave Lake,CA,55.2834,-114.769,27.75,71,34,5.12,scattered clouds
50,Terrace,CA,54.5163,-128.6035,31.78,95,96,3.09,overcast clouds
51,Saquena,PE,-4.6667,-73.5167,93.45,47,95,3.65,heavy intensity rain
52,Lagos,NG,6.5833,3.75,82.27,75,91,6.96,overcast clouds
53,Souillac,MU,-20.5167,57.5167,78.22,63,0,7.38,clear sky
54,Yar-Sale,RU,66.8333,70.8333,4.55,96,100,8.57,light snow
55,Dikson,RU,73.5069,80.5464,-15.2,96,100,18.54,overcast clouds
56,Tambopata,PE,-12.7333,-69.1833,89.24,52,98,2.48,overcast clouds
57,Yurla,RU,59.3259,54.3223,31.28,97,100,5.01,overcast clouds
58,Hartford,US,41.7668,-72.7662,39.74,59,73,7.34,broken clouds
59,Inverness,GB,57.4791,-4.224,45.86,93,100,10.27,overcast clouds
60,Port Alfred,ZA,-33.5906,26.891,68.81,78,44,13.87,scattered clouds
61,Bilibino,RU,68.0546,166.4372,-1.77,99,98,4.14,overcast clouds
62,Puerto Ayora,EC,-0.7393,-90.3518,71.31,80,83,10.11,broken clouds
63,Kristiansund,NO,63.1115,7.732,36.14,51,100,15.39,light rain
64,Kodiak,US,57.79,-152.4072,34.93,99,100,28.7,moderate rain
65,Chalus,IR,36.655,51.4204,63.19,68,8,4.21,clear sky
66,Port Hardy,CA,50.6996,-127.4199,48.92,93,99,9.84,overcast clouds
67,Mahebourg,MU,-20.4081,57.7,78.24,62,4,6.38,clear sky
68,Leningradskiy,RU,69.3833,178.4167,-20.6,96,65,9.44,broken clouds
69,Albany,US,42.6001,-73.9662,31.96,72,91,6.69,overcast clouds
70,Bluff,NZ,-46.6,168.3333,55.9,82,97,11.59,overcast clouds
71,Ostrovnoy,RU,68.0531,39.5131,4.69,75,31,6.62,scattered clouds
72,Qaanaaq,GL,77.484,-69.3632,1.72,59,100,9.71,overcast clouds
73,Provideniya,RU,64.3833,-173.3,-4.97,87,4,8.77,clear sky
74,Portland,US,45.5234,-122.6762,52.92,92,96,2.95,overcast clouds
75,Sur,OM,22.5667,59.5289,74.66,71,0,8.75,clear sky
76,Pisco,PE,-13.7,-76.2167,72.57,66,96,8.77,overcast clouds
77,Clinton,US,42.587,-82.9199,34.02,71,19,8.55,few clouds
78,Tazovskiy,RU,67.4667,78.7,-4.13,98,100,12.86,light snow
79,Meulaboh,ID,4.1363,96.1285,73.17,96,100,2.62,light rain
80,Saint-Philippe,RE,-21.3585,55.7679,76.23,85,62,9.01,broken clouds
81,Biberach,DE,48.0934,9.7905,27.14,86,52,8.99,broken clouds
82,Hithadhoo,MV,-0.6,73.0833,81.52,78,34,13.51,scattered clouds
83,Cidreira,BR,-30.1811,-50.2056,81.64,45,4,15.57,clear sky
84,Feltre,IT,46.0235,11.907,34.84,72,32,5.93,scattered clouds
85,Castro,BR,-24.7911,-50.0119,76.03,70,74,8.01,broken clouds
86,Tikrit,IQ,34.6071,43.6782,66.24,40,63,7.49,broken clouds
87,Abay,KZ,49.6311,72.8539,9.39,74,87,4.23,overcast clouds
88,Sao Filipe,CV,14.8961,-24.4956,76.53,67,96,13.0,overcast clouds
89,Taft,IR,31.7471,54.2088,54.68,49,7,2.28,clear sky
90,Vieques,PR,18.425,-65.8329,82.74,71,31,10.78,scattered clouds
91,Bay City,US,43.5945,-83.8889,33.62,70,50,9.26,scattered clouds
92,Alofi,NU,-19.0595,-169.9187,76.95,57,96,11.99,overcast clouds
93,Victoria,HK,22.2855,114.1577,71.35,69,3,8.21,clear sky
94,Saint-Pierre,RE,-21.3393,55.4781,76.98,82,43,9.57,scattered clouds
95,Hasaki,JP,35.7333,140.8333,53.85,61,55,6.33,broken clouds
96,Jinka,ET,5.65,36.65,73.4,45,85,1.43,overcast clouds
97,Coquimbo,CL,-29.9533,-71.3436,62.91,74,6,10.25,clear sky
98,Hamilton,US,39.1834,-84.5333,39.76,34,44,5.7,scattered clouds
99,Monrovia,LR,6.3005,-10.7969,83.19,70,42,8.12,scattered clouds
100,Meaford,CA,44.6001,-80.583,33.26,86,91,8.7,overcast clouds
101,Sabzevar,IR,36.2126,57.6819,52.34,40,75,1.83,broken clouds
102,Sioux Lookout,CA,50.1001,-91.917,23.79,90,100,4.07,overcast clouds
103,Sao Miguel Do Araguaia,BR,-13.275,-50.1628,79.39,79,100,9.08,light rain
104,Atuona,PF,-9.8,-139.0333,77.7,80,25,21.52,light rain
105,Roanoke Rapids,US,36.4615,-77.6542,46.8,33,6,12.71,clear sky
106,Hobart,AU,-42.8794,147.3294,49.35,92,17,5.59,few clouds
107,Bathsheba,BB,13.2167,-59.5167,82.65,67,82,16.89,broken clouds
108,Aykhal,RU,66.0,111.5,-26.19,100,94,5.17,overcast clouds
109,East London,ZA,-33.0153,27.9116,70.07,76,42,10.76,scattered clouds
110,Norman Wells,CA,65.282,-126.8329,-16.8,94,87,5.84,overcast clouds
111,Sitka,US,57.0531,-135.33,31.6,84,100,6.46,overcast clouds
112,Khatanga,RU,71.9667,102.5,-23.19,100,97,6.44,overcast clouds
113,Aklavik,CA,68.2191,-135.0107,-24.34,91,94,3.6,overcast clouds
114,Bairnsdale,AU,-37.8333,147.6167,52.95,90,1,2.8,clear sky
115,Lorengau,PG,-2.0226,147.2712,81.72,78,100,6.08,overcast clouds
116,Lebu,CL,-37.6167,-73.65,60.75,70,45,16.62,scattered clouds
117,Bobo Dioulasso,BF,11.1771,-4.2979,92.84,10,20,5.19,few clouds
118,Kindu,CD,-2.95,25.95,71.51,96,100,1.68,light rain
119,Hobyo,SO,5.3505,48.5268,80.96,66,13,19.13,few clouds
120,Dongsheng,CN,39.8161,109.9776,19.92,50,1,21.43,clear sky
121,Cabo San Lucas,MX,22.8909,-109.9124,78.24,62,74,0.16,broken clouds
122,Muzhi,RU,65.3667,64.6667,-9.08,100,75,4.65,broken clouds
123,Lavrentiya,RU,65.5833,-171.0,-11.27,90,17,8.55,few clouds
124,Narodychi,UA,51.2029,29.0823,43.07,89,100,15.59,overcast clouds
125,Padang,ID,-0.9492,100.3543,76.91,86,89,3.15,overcast clouds
126,Acarau,BR,-2.8856,-40.12,89.26,55,32,18.68,scattered clouds
127,Foumban,CM,5.7291,10.9001,72.19,44,29,2.98,scattered clouds
128,Mar Del Plata,AR,-38.0023,-57.5575,63.88,79,78,22.62,broken clouds
129,Tasiilaq,GL,65.6145,-37.6368,22.19,93,100,12.3,light snow
130,Qazanbulaq,AZ,40.6192,46.6519,59.72,48,1,6.2,clear sky
131,Kampene,CD,-3.6,26.6667,70.7,97,100,0.87,light rain
132,Aurillac,FR,44.9167,2.45,25.03,93,75,2.89,broken clouds
133,Bonavista,CA,48.6499,-53.1147,43.99,75,54,12.41,broken clouds
134,Cayenne,GF,4.9333,-52.3333,82.56,77,71,8.55,broken clouds
135,Varginha,BR,-21.5514,-45.4303,84.34,39,97,5.77,overcast clouds
136,Port Blair,IN,11.6667,92.75,80.49,81,87,11.63,overcast clouds
137,Grao Mogol,BR,-16.5594,-42.8897,81.54,57,92,6.44,overcast clouds
138,Te Anau,NZ,-45.4167,167.7167,45.93,85,7,1.05,clear sky
139,Mutis,CO,6.2262,-77.4044,81.7,82,90,8.01,light rain
140,Huarmey,PE,-10.0681,-78.1522,72.09,74,64,11.36,broken clouds
141,Zhuhai,CN,22.2769,113.5678,72.3,58,4,6.89,clear sky
142,Santa Vitoria Do Palmar,BR,-33.5189,-53.3681,65.57,94,92,12.86,overcast clouds
143,Opuwo,NA,-18.0607,13.84,86.14,21,98,13.58,overcast clouds
144,Yulara,AU,-25.2406,130.9889,74.35,27,1,8.01,clear sky
145,Dingle,PH,10.9995,122.6711,75.74,92,63,6.04,light rain
146,Bhatkal,IN,13.9667,74.5667,77.72,85,87,7.0,overcast clouds
147,Harqalah,TN,36.0303,10.509,53.76,51,62,25.41,broken clouds
148,Tabuk,PH,17.4189,121.4443,73.02,95,48,1.86,scattered clouds
149,Pochutla,MX,15.7432,-96.4661,86.36,47,13,5.19,few clouds
150,Avarua,CK,-21.2078,-159.775,73.67,63,80,7.99,broken clouds
151,Kaitangata,NZ,-46.2817,169.8464,48.74,84,67,4.99,broken clouds
152,Cherskiy,RU,68.75,161.3,-15.84,98,100,5.53,overcast clouds
153,Urumqi,CN,43.801,87.6005,21.94,61,4,10.38,clear sky
154,Iralaya,HN,15.0,-83.2333,81.99,64,100,15.88,overcast clouds
155,Bakel,SN,14.905,-12.4568,95.83,13,34,10.27,scattered clouds
156,Upernavik,GL,72.7868,-56.1549,18.86,92,100,7.92,light snow
157,Fruitvale,US,39.0817,-108.4968,52.29,34,0,3.38,clear sky
158,Torbay,CA,47.6666,-52.7314,46.0,73,26,8.86,scattered clouds
159,Chuy,UY,-33.6971,-53.4616,65.32,95,95,11.1,overcast clouds
160,Union,US,40.6334,-74.2663,41.63,47,15,10.11,few clouds
161,Lagoa,PT,39.05,-27.9833,60.51,54,41,3.69,scattered clouds
162,Shubarshi,KZ,48.5872,57.1869,18.14,86,5,4.9,clear sky
163,Buala,SB,-8.145,159.5921,80.4,82,99,4.61,light rain
164,Winchester,GB,51.0651,-1.3187,33.84,86,98,6.38,overcast clouds
165,Ribeira Grande,PT,38.5167,-28.7,62.31,55,91,3.02,overcast clouds
166,Hilo,US,19.7297,-155.09,71.08,73,15,10.98,light rain
167,Orchard Homes,US,46.8633,-114.0484,46.53,70,100,1.83,overcast clouds
168,Mae Hong Son,TH,19.3003,97.9685,68.18,84,40,2.37,scattered clouds
169,Iqaluit,CA,63.7506,-68.5145,22.14,81,100,10.45,overcast clouds
170,Acajutla,SV,13.5928,-89.8275,88.57,46,0,6.06,clear sky
171,Goderich,CA,43.7501,-81.7165,35.98,72,95,13.87,overcast clouds
172,Hermanus,ZA,-34.4187,19.2345,65.37,74,35,18.5,scattered clouds
173,San Jeronimo,PE,-11.9472,-75.2829,56.07,69,100,4.41,overcast clouds
174,Clyde River,CA,70.4692,-68.5914,-3.98,83,99,3.98,overcast clouds
175,Takoradi,GH,4.8845,-1.7554,82.72,74,39,10.85,scattered clouds
176,Synya,RU,65.3718,58.0387,10.92,95,100,6.04,light snow
177,Wattegama,LK,6.7989,81.4808,73.24,94,83,1.68,broken clouds
178,Mount Isa,AU,-20.7333,139.5,83.21,18,62,16.91,light rain
179,Atambua,ID,-9.1061,124.8925,74.75,85,100,3.13,overcast clouds
180,Klaksvik,FO,62.2266,-6.589,36.27,78,100,34.9,overcast clouds
181,Puerto Cabezas,NI,14.0351,-83.3888,83.14,61,100,16.06,overcast clouds
182,Ewa Beach,US,21.3156,-158.0072,73.13,62,16,16.64,few clouds
183,Urubicha,BO,-15.3833,-62.95,77.45,84,97,3.36,overcast clouds
184,Nyagan,RU,62.1406,65.3936,30.25,91,99,11.27,overcast clouds
185,Fort Nelson,CA,58.8053,-122.7002,-0.92,96,69,3.04,broken clouds
186,Teluk Intan,MY,4.0259,101.0213,73.76,96,99,1.52,moderate rain
187,Vilhena,BR,-12.7406,-60.1458,88.92,44,63,6.08,broken clouds
188,Beloha,MG,-25.1667,45.05,69.46,75,0,16.13,clear sky
189,Talnakh,RU,69.4865,88.3972,-17.59,98,95,7.78,overcast clouds
190,Coruripe,BR,-10.1256,-36.1756,85.14,66,96,18.79,overcast clouds
191,Qinzhou,CN,21.95,108.6167,65.16,61,28,10.18,scattered clouds
192,Mayo,US,38.8876,-76.5119,43.61,46,16,16.73,few clouds
193,Menfi,IT,37.6066,12.9678,49.78,71,87,30.06,overcast clouds
194,Bubaque,GW,11.2833,-15.8333,83.28,62,93,10.42,overcast clouds
195,Amarante,BR,-6.2411,-42.8547,98.76,31,41,7.74,scattered clouds
196,Hofn,IS,64.2539,-15.2082,29.62,65,100,11.61,overcast clouds
197,Carlisle,US,40.2015,-77.1889,39.61,47,27,13.94,scattered clouds
198,Bahia Blanca,AR,-38.7196,-62.2724,76.26,34,0,9.62,clear sky
199,Sandakan,MY,5.8402,118.1179,78.22,87,91,8.75,moderate rain
200,Jamestown,US,42.097,-79.2353,30.29,84,72,7.78,broken clouds
201,Guarapari,BR,-20.6667,-40.4975,80.8,78,9,6.26,clear sky
202,Kjollefjord,NO,70.9457,27.3465,16.32,86,99,19.51,overcast clouds
203,Huaihua,CN,27.5494,109.9592,49.96,91,100,3.47,overcast clouds
204,Benguela,AO,-12.5763,13.4055,79.39,75,77,7.49,broken clouds
205,Camacari,BR,-12.6975,-38.3242,82.24,73,73,5.1,light rain
206,Frutigen,CH,46.5878,7.6475,21.45,99,96,0.74,overcast clouds
207,Astoria,US,46.1879,-123.8313,53.96,93,99,4.16,overcast clouds
208,Vestmannaeyjar,IS,63.4427,-20.2734,36.64,99,100,29.68,moderate rain
209,Mugumu,TZ,-1.85,34.7,64.89,82,100,3.85,light rain
210,Fangshan,CN,39.6983,115.9925,40.08,45,11,8.79,few clouds
211,Koumac,NC,-20.5667,164.2833,78.03,82,3,2.93,clear sky
212,Beyneu,KZ,45.3167,55.2,40.3,57,4,10.85,clear sky
213,Geraldton,AU,-28.7667,114.6,66.09,75,16,20.04,few clouds
214,Katsuura,JP,35.1333,140.3,56.93,69,32,11.7,scattered clouds
215,Tommot,RU,58.9564,126.2925,-0.74,99,100,1.43,overcast clouds
216,Owensboro,US,37.7742,-87.1133,42.71,30,14,7.27,few clouds
217,Cabedelo,BR,-6.9811,-34.8339,84.58,64,56,12.03,broken clouds
218,Hovd,MN,48.0056,91.6419,16.59,41,5,1.7,clear sky
219,Asmar,AF,35.0333,71.3581,53.96,39,12,9.44,few clouds
220,Manta,EC,-0.95,-80.7333,75.0,74,95,11.77,overcast clouds
221,Saint George,US,37.1041,-113.5841,62.42,24,0,3.15,clear sky
222,Bonnyville,CA,54.2668,-110.735,24.78,91,2,6.51,clear sky
223,Kurilsk,RU,45.2333,147.8833,41.11,84,88,12.71,overcast clouds
224,Bredasdorp,ZA,-34.5322,20.0403,67.15,62,27,18.34,scattered clouds
225,Laksham,BD,23.2472,91.1425,63.9,64,65,6.02,broken clouds
226,Maribo,DK,54.7766,11.5002,34.27,77,10,7.47,clear sky
227,New Norfolk,AU,-42.7826,147.0587,47.61,98,22,2.68,few clouds
228,Pueblo Nuevo,MX,23.3833,-105.3833,68.56,40,71,1.32,broken clouds
229,Kutum,SD,14.2,24.6667,76.53,22,60,9.93,broken clouds
230,Senanga,ZM,-16.1167,23.2667,80.2,45,97,5.93,overcast clouds
231,Ambon,ID,-3.6954,128.1814,82.02,77,97,6.22,overcast clouds
232,Sindor,RU,62.8629,51.8905,-4.34,100,98,2.8,overcast clouds
233,Airai,TL,-8.9266,125.4092,61.39,86,100,1.5,overcast clouds
234,Port-De-Bouc,FR,43.4,4.9833,43.11,61,0,35.21,clear sky
235,Codrington,AU,-38.2667,141.9667,52.7,77,0,5.59,clear sky
236,Mastic Beach,US,40.7668,-72.8521,40.68,62,94,12.1,overcast clouds
237,Deputatskiy,RU,69.3,139.9,-14.13,97,100,4.56,overcast clouds
238,Port Elizabeth,ZA,-33.918,25.5701,66.65,79,94,7.74,overcast clouds
239,Kununurra,AU,-15.7667,128.7333,88.52,35,30,7.18,scattered clouds
240,Bulnes,CL,-36.7423,-72.2985,81.18,19,17,11.43,few clouds
241,Calbuco,CL,-41.768,-73.1273,56.64,71,70,11.97,broken clouds
242,Kensington,AU,-33.9167,151.2167,62.1,86,68,2.64,broken clouds
243,San Cristobal,VE,7.7669,-72.225,83.03,51,96,7.31,overcast clouds
244,Suksun,RU,57.1431,57.3949,31.15,96,100,9.75,overcast clouds
245,Longyearbyen,SJ,78.2186,15.6401,5.0,90,62,8.41,broken clouds
246,Puerto Rico,AR,-26.796,-55.024,82.49,32,0,6.58,clear sky
247,San Patricio,US,28.017,-97.5169,64.04,55,20,3.98,few clouds
248,Tezu,IN,27.9167,96.1667,62.35,50,41,4.41,scattered clouds
249,Kahului,US,20.8947,-156.47,72.55,71,13,15.43,few clouds
250,Alpena,US,45.0617,-83.4327,33.78,75,28,8.05,scattered clouds
251,Thompson,CA,55.7435,-97.8558,20.23,93,100,6.15,light snow
252,Mangan,IN,27.5167,88.5333,58.12,57,70,4.36,broken clouds
253,Chandler,US,33.3062,-111.8412,68.32,20,0,3.4,clear sky
254,Dire,ML,12.2833,-10.9667,96.87,13,92,5.46,overcast clouds
255,Penzance,GB,50.1186,-5.5371,50.85,84,100,8.66,overcast clouds
256,Vila Velha,BR,-20.3297,-40.2925,80.58,80,9,9.48,clear sky
257,Komsomolskiy,UZ,40.4272,71.7189,42.76,36,1,2.89,clear sky
258,Palu,ID,-0.8917,119.8707,73.71,95,100,3.65,overcast clouds
259,Constitucion,CL,-35.3333,-72.4167,67.12,51,0,15.57,clear sky
260,Broome,US,42.2506,-75.833,30.7,77,83,10.38,broken clouds
261,Axim,GH,4.8699,-2.2405,82.04,76,89,10.0,overcast clouds
262,Vardo,NO,70.3705,31.1107,23.07,85,100,27.96,overcast clouds
263,Pangnirtung,CA,66.1451,-65.7125,14.29,78,100,6.24,overcast clouds
264,Karlskoga,SE,59.3267,14.5239,21.58,77,23,2.39,few clouds
265,Imeni Babushkina,RU,59.7573,43.1285,24.69,96,100,9.01,light snow
266,Ilulissat,GL,69.2167,-51.1,31.5,97,100,5.84,overcast clouds
267,Lincoln,US,40.8,-96.667,62.4,38,15,12.97,few clouds
268,La Serena,CL,-29.9078,-71.2542,66.16,66,6,10.13,clear sky
269,Chokurdakh,RU,70.6333,147.9167,-16.33,98,100,3.24,overcast clouds
270,Faanui,PF,-16.4833,-151.75,81.14,75,99,13.09,light rain
271,Santa Cruz Del Sur,CU,20.7147,-77.9956,80.4,60,65,6.64,broken clouds
272,San Vicente,AR,-26.6167,-54.1333,81.63,23,0,7.38,clear sky
273,Caravelas,BR,-17.7125,-39.2481,87.42,58,3,12.1,clear sky
274,Hami,CN,42.8,93.45,25.09,52,0,1.14,clear sky
275,Pacific Grove,US,36.6177,-121.9166,60.69,58,0,7.25,clear sky
276,Brae,GB,60.3964,-1.353,41.0,74,100,34.72,overcast clouds
277,Gizo,SB,-8.103,156.8419,82.74,76,97,8.39,overcast clouds
278,Cockburn Town,TC,21.4612,-71.1419,81.23,64,8,8.72,clear sky
279,Ola,RU,59.5833,151.2833,1.92,90,90,11.7,overcast clouds
280,Oyama,JP,36.3,139.8,45.88,44,28,1.95,scattered clouds
281,Xiaoweizhai,CN,26.1903,107.5125,50.81,92,100,7.92,overcast clouds
282,Golkoy,TR,40.6875,37.6178,56.43,64,100,12.1,overcast clouds
283,Klyuchi,RU,52.2667,79.1667,17.19,82,74,8.14,broken clouds
284,Antakya,TR,36.2066,36.1572,64.08,59,100,4.97,overcast clouds
285,Yanaul,RU,56.2719,54.9309,33.21,98,100,10.16,overcast clouds
286,Naze,JP,28.3667,129.4833,66.97,70,50,16.26,scattered clouds
287,Shirokiy,RU,49.758,129.523,-5.17,98,100,2.68,overcast clouds
288,Waddan,LY,29.1614,16.139,60.49,12,78,6.93,broken clouds
289,Datong,CN,40.0936,113.2914,25.77,49,13,18.7,few clouds
290,Yaan,NG,7.3833,8.5667,88.59,26,13,1.86,few clouds
291,Golyshmanovo,RU,56.3979,68.3728,16.07,85,53,8.08,broken clouds
292,Beringovskiy,RU,63.05,179.3167,5.99,96,99,7.9,overcast clouds
293,La Libertad,EC,-2.2333,-80.9,74.43,74,97,10.45,overcast clouds
294,Saint-Joseph,RE,-21.3667,55.6167,75.56,83,52,9.78,broken clouds
295,Narsaq,GL,60.9167,-46.05,34.36,98,100,9.15,moderate rain
296,Rona De Sus,RO,47.9,24.05,36.0,99,100,4.03,overcast clouds
297,Lucea,JM,18.451,-78.1736,81.54,64,100,8.84,overcast clouds
298,Labrea,BR,-7.2586,-64.7981,95.94,42,100,3.27,overcast clouds
299,San Quintin,MX,30.4833,-115.95,69.58,43,0,3.15,clear sky
300,Khash,IR,28.2211,61.2158,56.19,34,75,3.53,broken clouds
301,Arrifes,PT,37.7667,-25.7,58.37,62,20,8.37,few clouds
302,Taoudenni,ML,22.6783,-3.9836,74.41,14,41,16.04,scattered clouds
303,Hendek,TR,40.7994,30.7481,62.65,72,100,8.37,light rain
304,Zavetnoye,RU,47.1194,43.8903,48.94,85,84,20.83,broken clouds
305,Guaruja,BR,-23.9931,-46.2564,79.32,74,76,9.04,broken clouds
306,Ginda,IN,30.6945,78.4932,47.35,21,0,7.43,clear sky
307,Sistranda,NO,63.7256,8.834,34.5,61,100,7.2,light snow
308,Bentiu,SS,9.2333,29.8333,90.39,26,51,4.7,broken clouds
309,Bardiyah,LY,31.7561,25.0865,68.61,83,100,17.52,overcast clouds
310,Trelew,AR,-43.249,-65.3051,74.19,25,3,16.46,clear sky
311,Dunedin,NZ,-45.8742,170.5036,52.14,62,6,4.59,clear sky
312,Novodmitriyevskaya,RU,44.8347,38.8772,70.52,38,54,25.21,light rain
313,Kushima,JP,31.4583,131.2333,55.4,75,44,3.76,scattered clouds
314,Dayong,CN,25.0209,118.2898,63.25,83,30,4.72,scattered clouds
315,Los Llanos De Aridane,ES,28.6585,-17.9182,62.67,72,43,16.22,scattered clouds
316,Yerbogachen,RU,61.2767,108.0108,3.11,95,100,8.43,overcast clouds
317,Upington,ZA,-28.4478,21.2561,88.47,10,0,16.15,clear sky
318,Ardakan,IR,32.31,54.0175,60.28,39,5,5.66,clear sky
319,Caconda,AO,-13.7333,15.0667,68.38,67,80,4.52,broken clouds
320,Henties Bay,NA,-22.116,14.2845,63.52,81,1,12.68,clear sky
321,Maniitsoq,GL,65.4167,-52.9,32.85,98,100,21.56,snow
322,San Carlos De Bariloche,AR,-41.1456,-71.3082,69.55,33,69,7.87,broken clouds
323,Ankang,CN,32.68,109.0172,39.29,90,1,1.25,clear sky
324,Ukiah,US,39.1502,-123.2078,59.72,63,0,1.92,clear sky
325,Palmer,US,42.1584,-72.3287,37.4,65,88,7.52,overcast clouds
326,Onguday,RU,50.75,86.15,8.53,94,80,2.64,broken clouds
327,Lompoc,US,34.6391,-120.4579,68.5,29,0,4.68,clear sky
328,Itarare,BR,-24.1125,-49.3317,82.78,57,79,9.13,broken clouds
329,Honiara,SB,-9.4333,159.95,78.24,86,57,2.68,light rain
330,Plettenberg Bay,ZA,-34.0527,23.3716,64.29,78,62,4.41,broken clouds
331,Diego De Almagro,CL,-26.3667,-70.05,80.47,14,0,11.97,clear sky
332,Chiredzi,ZW,-21.05,31.6667,86.99,29,1,6.38,clear sky
333,Ahipara,NZ,-35.1667,173.1667,59.16,91,73,1.16,broken clouds
334,Vostok,RU,46.4856,135.8833,4.03,97,100,3.69,overcast clouds
335,Abu Samrah,SY,35.3029,37.1841,64.62,52,99,6.64,overcast clouds
336,Praia Da Vitoria,PT,38.7333,-27.0667,59.94,59,23,6.24,few clouds
337,Hazaribag,IN,23.9833,85.35,57.42,58,58,3.06,broken clouds
338,La Ronge,CA,55.1001,-105.2842,34.61,84,37,13.35,scattered clouds
339,Kamaishi,JP,39.2667,141.8833,44.69,79,8,8.46,clear sky
340,Abha,SA,18.2164,42.5053,58.73,36,0,12.08,clear sky
341,Nanortalik,GL,60.1432,-45.2371,36.18,92,100,12.86,light rain
342,Gusinoye Ozero,RU,51.1144,106.2614,8.85,90,73,4.5,broken clouds
343,Florianopolis,BR,-27.6146,-48.5012,80.76,60,51,8.32,broken clouds
344,Osakarovka,KZ,50.565,72.5692,14.58,69,100,5.95,overcast clouds
345,Ekhabi,RU,53.5102,142.9671,19.45,83,100,15.57,overcast clouds
346,Ancud,CL,-41.8697,-73.8203,59.65,62,41,9.91,scattered clouds
347,Jieshi,CN,22.8134,115.8257,67.86,76,6,7.49,clear sky
348,Labuhan Deli,ID,3.7278,98.6738,75.02,94,100,7.96,overcast clouds
349,Laguna,US,38.421,-121.4238,57.24,65,0,3.22,clear sky
350,Pavlodar,KZ,52.3,76.95,12.61,84,100,6.96,overcast clouds
351,Coromandel,BR,-18.4733,-47.2003,86.63,44,100,2.73,overcast clouds
352,Xonacatlan,MX,19.4022,-99.5325,63.01,51,15,2.24,few clouds
353,Maceio,BR,-9.6658,-35.7353,84.04,70,93,17.18,overcast clouds
354,Oranjemund,NA,-28.55,16.4333,65.5,79,9,12.26,clear sky
355,Marzuq,YE,14.4,46.4667,69.28,30,0,6.51,clear sky
356,Conde,BR,-7.2597,-34.9075,85.91,56,62,13.91,broken clouds
357,Esperance,AU,-33.8667,121.9,61.38,78,83,11.03,broken clouds
358,Chardara,KZ,41.2547,67.9692,51.44,26,60,5.53,broken clouds
359,Saint Anthony,US,45.0205,-93.218,36.43,62,100,6.22,overcast clouds
360,Tadepallegudem,IN,16.8333,81.5,72.5,82,93,4.7,overcast clouds
361,Tual,ID,-5.6667,132.75,83.53,72,100,4.27,overcast clouds
362,Sambava,MG,-14.2667,50.1667,76.57,83,27,7.47,light rain
363,Varkaus,FI,62.3153,27.873,18.12,79,100,10.65,overcast clouds
364,Bull Savanna,JM,17.8868,-77.5902,81.55,55,98,3.53,overcast clouds
365,Jawhar,SO,2.7809,45.5005,78.96,76,31,12.73,scattered clouds
366,Fort Dodge,US,42.4975,-94.168,49.69,49,99,10.0,overcast clouds
367,Hervey Bay,AU,-25.2986,152.8535,74.75,86,100,10.94,light rain
368,Matara,LK,5.9485,80.5353,76.86,87,93,3.62,overcast clouds
369,Champerico,GT,14.3,-91.9167,82.4,64,0,4.09,clear sky
370,Sovetskiy,RU,61.3614,63.5842,31.51,88,83,12.01,broken clouds
371,Kyren,RU,51.6828,102.1408,10.22,80,25,2.21,scattered clouds
372,Baijiantan,CN,45.6333,85.1833,25.2,54,2,5.48,clear sky
373,Maragogi,BR,-9.0122,-35.2225,84.22,64,78,13.78,broken clouds
374,Shuangyang,CN,43.5242,125.6736,25.93,81,100,6.64,light snow
375,Buraydah,SA,26.326,43.975,65.44,21,0,6.91,clear sky
376,Vila Franca Do Campo,PT,37.7167,-25.4333,59.99,63,25,6.08,scattered clouds
377,Lubango,AO,-14.9172,13.4925,69.6,56,97,0.65,overcast clouds
378,Obanazawa,JP,38.6033,140.4019,37.36,85,63,2.08,broken clouds
379,Kuytun,RU,54.3419,101.5036,19.36,96,100,4.88,overcast clouds
380,Gort,IE,53.0664,-8.8167,49.5,92,92,8.77,overcast clouds
381,Ixtapa,MX,20.7,-105.2,86.04,41,10,3.31,clear sky
382,Gat,IL,31.61,34.7642,74.34,34,54,4.18,broken clouds
383,Stephenville,US,32.2207,-98.2023,63.7,34,0,11.32,clear sky
384,Krasnoselkup,RU,65.7,82.4667,2.43,96,100,17.45,snow
385,Poum,NC,-20.2333,164.0167,79.95,80,3,14.83,clear sky
386,Fortuna,US,40.5982,-124.1573,54.79,85,42,4.34,scattered clouds
387,Shimoda,JP,34.6667,138.95,54.84,68,25,10.29,scattered clouds
388,Waimana,NZ,-38.15,177.0833,59.07,78,84,2.01,moderate rain
389,Banda Aceh,ID,5.5577,95.3222,75.47,93,100,4.7,moderate rain
390,Bandipur,NP,27.9333,84.4167,50.49,77,80,2.44,broken clouds
391,Tuatapere,NZ,-46.1333,167.6833,48.36,87,32,2.82,scattered clouds
392,Grand-Santi,GF,4.25,-54.3833,91.98,45,73,5.08,broken clouds
393,Vanimo,PG,-2.6741,141.3028,78.78,84,100,2.06,overcast clouds
394,Pitimbu,BR,-7.4706,-34.8086,84.56,64,65,12.64,broken clouds
395,Matagami,CA,49.7502,-77.6328,22.6,88,100,4.54,light snow
396,Bonga,ET,7.2833,36.2333,64.11,59,73,1.43,broken clouds
397,Samarai,PG,-10.6167,150.6667,82.06,81,77,7.92,broken clouds
398,Silopi,TR,37.2497,42.4694,58.86,52,20,1.61,few clouds
399,Vanavara,RU,60.34,102.2797,-11.94,99,56,4.16,broken clouds
400,Guadalupe Y Calvo,MX,26.1,-106.9667,53.96,56,98,2.68,overcast clouds
401,Bangassou,CF,4.7413,22.8184,70.14,97,100,2.55,light rain
402,Sinnamary,GF,5.3833,-52.95,83.05,75,96,8.97,overcast clouds
403,Namanga,KE,-2.5433,36.7905,69.84,75,97,3.33,light rain
404,Bria,CF,6.5423,21.9863,82.29,36,67,1.03,broken clouds
405,Sisimiut,GL,66.9395,-53.6735,32.97,98,100,8.37,snow
406,Pevek,RU,69.7008,170.3133,3.38,96,100,2.13,overcast clouds
407,Saint John,CA,45.2727,-66.0677,29.7,96,100,13.4,snow
408,Kailua,US,21.4022,-157.7394,74.7,61,29,21.34,scattered clouds
409,Berbera,SO,10.4396,45.0143,81.93,56,11,7.96,few clouds
410,Bela,IN,25.9333,81.9833,64.72,48,56,4.85,broken clouds
411,Alice Springs,AU,-23.7,133.8833,72.63,27,0,5.93,clear sky
412,Tiksi,RU,71.6872,128.8694,-21.5,100,90,5.97,overcast clouds
413,Kosa,RU,59.9445,54.9977,31.44,97,100,4.83,overcast clouds
414,Buin,CL,-33.7333,-70.75,86.63,12,0,11.95,clear sky
415,Treinta Y Tres,UY,-33.2333,-54.3833,64.22,90,99,24.47,moderate rain
416,Kalmunai,LK,7.4167,81.8167,78.15,82,67,2.86,broken clouds
417,Arlit,NE,18.7369,7.3853,83.35,11,77,5.23,broken clouds
418,Cuiaba,BR,-15.5961,-56.0967,90.48,54,49,5.03,scattered clouds
419,Cangzhou,CN,38.3167,116.8667,37.92,91,100,5.7,overcast clouds
420,Bilma,NE,18.6853,12.9164,82.81,14,95,6.96,overcast clouds
421,Saskylakh,RU,71.9167,114.0833,-18.92,99,99,4.14,overcast clouds
422,Evensk,RU,61.95,159.2333,16.52,93,100,4.07,snow
423,La Peca,PE,-5.6111,-78.435,85.06,50,87,2.48,light rain
424,Fujin,CN,47.26,132.0322,7.34,89,100,4.85,overcast clouds
425,Marawi,PH,7.9986,124.2928,68.22,95,70,1.92,broken clouds
426,Gatesville,US,31.4352,-97.7439,64.15,36,0,6.89,clear sky
427,Avera,US,33.194,-82.5271,53.28,28,26,7.7,scattered clouds
428,Tomohon,ID,1.3346,124.8392,66.2,95,98,2.33,light rain
429,Sola,VU,-13.8833,167.55,81.25,75,92,10.29,overcast clouds
430,Qui Nhon,VN,13.7667,109.2333,76.28,94,100,14.85,overcast clouds
431,Rio De Janeiro,BR,-22.9028,-43.2075,86.79,56,12,9.4,few clouds
432,Kajaani,FI,64.2273,27.7285,13.19,88,100,8.08,overcast clouds
433,Nizwa,OM,22.9333,57.5333,71.42,33,0,2.93,clear sky
434,Margate,GB,51.3813,1.3862,39.83,77,41,15.01,scattered clouds
435,Surab,PK,28.4914,66.2585,48.94,34,28,2.59,scattered clouds
436,Staraya Poltavka,RU,50.4772,46.4814,44.17,78,100,19.06,overcast clouds
437,Taraz,KZ,42.9,71.3667,38.88,47,46,4.0,scattered clouds
438,Nouadhibou,MR,20.931,-17.0347,70.43,54,60,16.96,broken clouds
439,Xam Nua,LA,20.4197,104.0439,54.3,99,66,2.26,broken clouds
440,Tooele,US,40.5308,-112.2983,52.0,36,6,2.46,clear sky
441,La Romana,DO,18.4273,-68.9728,85.75,57,22,2.66,few clouds
442,Nikolskoye,RU,59.7035,30.7861,22.69,93,100,10.87,snow
443,Kamenka,RU,51.3223,42.7678,46.09,92,100,18.01,overcast clouds
444,Angoche,MZ,-16.2325,39.9086,77.2,70,1,8.01,clear sky
445,Mana,GF,5.6592,-53.7767,83.62,73,68,8.79,broken clouds
446,Vao,NC,-22.6667,167.4833,75.85,89,96,18.12,overcast clouds
447,Camalu,MX,30.85,-116.0667,70.21,34,0,2.75,clear sky
448,Cairns,AU,-16.9167,145.7667,76.91,89,54,4.94,moderate rain
449,Taltal,CL,-25.4,-70.4833,65.32,66,11,5.32,few clouds
450,Aguimes,ES,27.9054,-15.4461,62.98,66,62,19.73,broken clouds
451,Severo-Kurilsk,RU,50.6789,156.125,36.05,98,100,12.5,light rain
452,Sabha,LY,27.0377,14.4283,62.19,15,75,9.91,broken clouds
453,Clermont,FR,49.5,2.4167,35.28,86,14,7.02,few clouds
454,Kasempa,ZM,-13.4584,25.8338,74.75,54,100,1.34,overcast clouds
455,Prince Rupert,CA,54.3161,-130.3201,35.17,83,71,9.33,broken clouds
456,Asha,RU,54.9973,57.2722,30.27,93,100,2.26,overcast clouds
457,Yumen,CN,40.2833,97.2,19.33,47,0,3.6,clear sky
458,Jasper,US,37.2001,-94.3502,55.36,48,1,19.46,clear sky
459,North Bend,US,43.4065,-124.2243,53.83,84,100,4.52,overcast clouds
460,Lerwick,GB,60.1545,-1.1494,41.95,76,100,34.83,overcast clouds
461,Abu Kamal,SY,34.4506,40.9171,64.51,44,14,2.93,few clouds
462,Visavadar,IN,21.3833,70.6833,72.84,37,88,7.78,overcast clouds
463,Olafsvik,IS,64.8945,-23.7142,30.88,94,100,16.78,snow
464,Fershampenuaz,RU,53.5202,59.8117,17.11,86,19,4.29,few clouds
465,Kpandae,GH,8.4689,-0.0113,93.45,28,43,1.03,scattered clouds
466,Hashtrud,IR,37.4779,47.0508,43.81,69,1,2.37,clear sky
467,Thanh Hoa,VN,19.8,105.7667,66.38,77,53,4.05,broken clouds
468,Sladkovo,RU,55.5284,70.3385,17.46,85,100,7.45,overcast clouds
469,Macau,MO,22.2006,113.5461,72.52,59,4,7.23,clear sky
470,Mnogovershinnyy,RU,53.9353,139.9242,5.59,89,91,7.14,overcast clouds
471,Grand Gaube,MU,-20.0064,57.6608,78.49,63,7,9.01,clear sky
472,Bulgan,MN,48.8125,103.5347,8.73,85,23,3.91,few clouds
473,La Baule-Escoublac,FR,47.2922,-2.364,43.9,64,100,1.61,overcast clouds
474,Sayansk,RU,54.1088,102.1648,20.16,93,100,5.86,overcast clouds
475,Kandrian,PG,-6.2167,149.55,77.74,89,100,5.39,overcast clouds
476,Yenagoa,NG,4.9247,6.2642,80.6,82,97,5.12,moderate rain
477,Dzhebariki-Khaya,RU,62.2167,135.8,-13.9,99,100,1.41,overcast clouds
478,Tessalit,ML,20.1986,1.0114,83.43,16,4,9.6,clear sky
479,Quelimane,MZ,-17.8786,36.8883,72.36,69,51,6.13,broken clouds
480,Phangnga,TH,8.4509,98.5298,72.73,99,100,2.8,light rain
481,Gwadar,PK,25.1216,62.3254,75.7,63,1,7.43,clear sky
482,Peniche,PT,39.3558,-9.3811,57.2,72,76,15.73,broken clouds
483,Muisne,EC,0.6,-80.0333,78.84,75,99,10.69,overcast clouds
484,Sampit,ID,-2.5333,112.95,73.96,99,100,2.33,overcast clouds
485,Boende,CD,-0.2167,20.8667,72.41,91,99,1.63,overcast clouds
486,Ahuimanu,US,21.4447,-157.8378,73.38,62,31,18.48,scattered clouds
487,Grindavik,IS,63.8424,-22.4338,34.27,99,100,12.68,snow
488,Kupang,ID,-10.1667,123.5833,78.51,86,100,4.23,overcast clouds
489,Vila,PT,42.0304,-8.1588,40.08,91,98,3.0,overcast clouds
490,Ketchikan,US,55.3422,-131.6461,31.19,84,71,6.98,broken clouds
491,Acapulco,MX,16.8634,-99.8901,83.46,60,0,2.73,clear sky
492,Rolla,US,37.9514,-91.7713,52.07,43,61,14.7,broken clouds
493,Cumra,TR,37.5732,32.7745,56.03,54,100,13.11,overcast clouds
494,Tigil,RU,57.8,158.6667,10.11,93,100,4.23,overcast clouds
495,Taree,AU,-31.9,152.4667,61.23,97,85,2.17,overcast clouds
496,Qasigiannguit,GL,68.8193,-51.1922,32.77,96,100,6.73,light snow
497,Altus,US,34.6381,-99.334,65.8,26,0,10.11,clear sky
498,Privolnyy,RU,44.0998,46.6587,49.51,86,22,14.74,few clouds
499,Bethalto,US,38.9092,-90.0407,45.52,41,50,14.14,scattered clouds
500,Sao Joao Da Barra,BR,-21.6403,-41.0511,78.51,79,11,11.77,few clouds
501,Kiunga,PG,-6.1219,141.2906,73.35,100,100,1.19,moderate rain
502,Murray Bridge,AU,-35.1167,139.2667,60.39,49,0,2.51,clear sky
503,Namibe,AO,-15.1961,12.1522,73.31,68,15,8.5,few clouds
504,Mbekenyera,TZ,-10.0,38.9833,74.07,88,69,8.32,light rain
505,Vestmanna,FO,62.1564,-7.1664,33.93,70,100,26.96,overcast clouds
506,Aginskoye,RU,51.1,114.53,12.27,84,22,11.32,few clouds
507,Kula,TR,38.5473,28.6498,57.33,87,100,16.26,light rain
508,Belmonte,BR,-15.8631,-38.8828,81.52,74,65,14.58,broken clouds
509,Roma,US,43.2128,-75.4557,31.69,75,91,8.32,overcast clouds
510,Camacha,PT,33.0833,-16.3333,61.93,65,25,13.49,scattered clouds
511,Bratsk,RU,56.1325,101.6142,19.76,87,100,10.78,overcast clouds
512,Guerrero Negro,MX,27.9769,-114.0611,72.09,42,0,2.17,clear sky
513,Pilar,BR,-9.5972,-35.9567,87.51,52,99,16.51,overcast clouds
514,Hommelvik,NO,63.4108,10.7942,18.68,72,100,7.18,overcast clouds
515,Pimentel,PE,-6.8367,-79.9342,69.78,74,96,12.77,overcast clouds
516,Humboldt,US,40.6665,-123.9178,49.33,71,34,1.79,scattered clouds
517,Sjenica,RS,43.2731,19.9994,32.85,99,100,8.77,light snow
518,Cortez,US,37.3489,-108.5859,49.95,35,0,1.88,clear sky
519,Coahuayana,MX,18.7333,-103.6833,88.74,41,0,1.86,clear sky
520,Princeton,US,25.5384,-80.4089,70.45,39,88,8.57,overcast clouds
521,Palana,RU,59.1167,159.9667,14.97,87,100,9.08,overcast clouds
522,Elko,US,41.0002,-115.5012,47.21,33,6,4.12,clear sky
523,Praia,CV,14.9215,-23.5087,75.85,68,100,19.57,overcast clouds
524,Saldanha,ZA,-33.0117,17.9442,64.33,78,5,9.35,clear sky
525,Luena,AO,-11.7833,19.9167,67.19,86,98,6.4,light rain
526,Skjervoy,NO,70.0311,20.9714,26.28,63,14,16.15,few clouds
527,Diu,IN,20.7141,70.9822,75.9,43,40,10.22,scattered clouds
528,Port Lincoln,AU,-34.7333,135.8667,64.13,68,100,12.28,overcast clouds
529,Moerai,PF,-22.4333,-151.3333,76.6,82,88,6.98,overcast clouds
530,Iskateley,RU,67.6803,53.1512,0.39,99,98,4.92,overcast clouds
531,Totness,SR,5.8833,-56.3167,81.93,80,83,7.85,broken clouds
532,Madang,PG,-5.2246,145.7966,76.86,90,98,2.82,light rain
533,West Bay,KY,19.3667,-81.4167,78.57,65,62,12.66,broken clouds
534,Dire Dawa,ET,9.5931,41.8661,68.52,40,41,5.91,scattered clouds
535,Mercedes,AR,-34.6515,-59.4307,77.81,42,43,18.7,scattered clouds
536,San Matias,BO,-16.3667,-58.4,92.75,47,67,9.22,broken clouds
537,Jertih,MY,5.7336,102.4897,75.2,93,100,1.92,overcast clouds
538,Luba,GQ,3.4568,8.5547,81.03,82,90,7.72,overcast clouds
539,San Andres,CO,12.5847,-81.7006,81.27,78,100,21.16,overcast clouds
540,Sabancuy,MX,18.9667,-91.1833,80.51,63,100,6.38,overcast clouds
541,Mount Gambier,AU,-37.8333,140.7667,51.69,71,2,4.94,clear sky
542,Vallenar,CL,-28.5708,-70.7581,80.6,26,1,8.34,clear sky
543,Boa Vista,BR,2.8197,-60.6733,91.17,44,58,8.37,broken clouds
544,Sukhumi,GE,43.0033,41.0153,62.67,63,76,7.76,broken clouds
545,Norrtalje,SE,59.758,18.705,26.31,82,74,4.85,broken clouds
546,Ullapool,GB,57.8987,-5.1604,45.91,95,100,12.84,overcast clouds
547,Korla,CN,41.7597,86.1469,25.65,66,10,4.32,clear sky
548,Ormara,PK,25.2088,64.6357,77.7,49,0,4.79,clear sky
549,Sendafa,ET,9.15,39.0333,49.91,46,6,6.87,clear sky
550,Christchurch,NZ,-43.5333,172.6333,54.99,91,100,2.33,overcast clouds
551,Lohardaga,IN,23.4333,84.6833,57.97,56,91,3.13,overcast clouds
552,Rawson,AR,-43.3002,-65.1023,70.09,35,3,11.03,clear sky
553,Sept-Iles,CA,50.2001,-66.3821,30.81,51,9,1.77,clear sky
554,Batagay-Alyta,RU,67.8006,130.4114,-20.49,97,99,3.33,overcast clouds
555,Davila,PH,18.4726,120.5763,77.63,85,80,26.4,broken clouds
556,Inta,RU,66.0317,60.1659,8.89,96,100,6.71,light snow
557,Petropavlovsk-Kamchatskiy,RU,53.0452,158.6483,20.88,76,100,5.66,overcast clouds
558,Barcelos,PT,41.5388,-8.6151,51.8,80,75,5.7,broken clouds
559,Pouebo,NC,-20.4,164.5667,77.49,86,16,9.48,light rain
560,The Valley,AI,18.217,-63.0578,81.21,74,19,16.13,few clouds
561,Salta,AR,-24.7859,-65.4117,79.45,41,17,6.98,few clouds
562,Porto Novo,BJ,6.4965,2.6036,83.32,68,90,7.11,overcast clouds
563,Puerto Escondido,MX,15.85,-97.0667,85.39,49,11,4.85,few clouds
564,Gayny,RU,60.3071,54.3241,26.94,96,100,2.95,overcast clouds
565,Namasuba,UG,0.6894,32.4214,66.4,81,91,2.77,overcast clouds
566,Campbellton,CA,48.0075,-66.6727,28.27,72,98,1.99,overcast clouds
567,Makat,KZ,47.6469,53.3463,33.46,61,34,9.84,scattered clouds
568,Cambrils,ES,41.0748,1.0524,52.41,62,53,11.12,broken clouds
569,Canaries,ES,28.0,-15.5,57.51,71,90,15.48,overcast clouds
570,Sabang,ID,5.8933,95.3214,75.94,89,100,1.74,overcast clouds
571,Newtonhill,GB,57.0333,-2.15,48.81,82,100,17.94,overcast clouds
572,Baykit,RU,61.67,96.37,-3.91,98,99,1.92,overcast clouds
573,Chester,US,40.1254,-75.8749,38.14,56,28,14.05,scattered clouds
574,Dawson Creek,CA,55.7666,-120.2362,30.2,68,27,7.14,scattered clouds
575,Panzhihua,CN,26.5851,101.7128,57.25,72,83,3.47,broken clouds
576,Solnechnyy,RU,50.7214,136.6319,5.94,94,86,4.03,overcast clouds
577,Moussoro,TD,13.6408,16.4901,88.9,11,13,10.92,few clouds
578,Concarneau,FR,47.875,-3.9225,46.56,64,100,3.27,overcast clouds
579,Melfi,IT,40.9965,15.6514,40.53,80,75,6.62,broken clouds
580,Vibo Valentia,IT,38.6996,16.1274,45.36,83,100,17.74,overcast clouds
581,Ossora,RU,59.2353,163.0719,16.25,85,100,4.83,overcast clouds
582,Lehrte,DE,52.3833,9.9667,36.25,92,97,7.25,overcast clouds
583,Manyana,BW,-23.4,21.7167,78.01,41,78,9.53,light rain
584,Mandalgovi,MN,45.7625,106.2708,12.06,63,5,8.79,clear sky
585,Hualmay,PE,-11.0964,-77.6139,71.06,73,77,10.67,broken clouds
586,Balaipungut,ID,1.05,101.2833,74.48,86,49,2.68,scattered clouds
587,Kangaatsiaq,GL,68.3065,-53.4641,32.07,99,100,4.59,light snow
588,Tancanhuitz,MX,21.6,-98.9667,67.03,66,100,1.79,overcast clouds
589,Mogadishu,SO,2.0371,45.3438,81.68,76,27,13.49,scattered clouds
590,Jalu,LY,29.0331,21.5482,69.28,56,100,19.57,overcast clouds
591,Zwedru,LR,6.0667,-8.1281,79.79,70,81,3.11,light rain
592,Vakhtan,RU,57.9659,46.6889,34.77,98,100,8.39,overcast clouds
593,Maralal,KE,1.0968,36.698,60.82,86,74,7.14,broken clouds
594,Rio Brilhante,BR,-21.8019,-54.5464,80.29,71,97,5.17,light rain
595,Marsh Harbour,BS,26.5412,-77.0636,71.1,65,95,15.7,overcast clouds
596,Ariquemes,BR,-9.9133,-63.0408,90.32,53,88,1.86,overcast clouds
597,Stornoway,GB,58.2093,-6.3865,47.43,84,98,18.21,overcast clouds
598,Khon Kaen,TH,16.5,102.0833,68.29,76,71,2.37,broken clouds
599,Galveston,US,29.3669,-94.9669,60.21,65,1,6.04,clear sky
600,Husavik,IS,66.0449,-17.3389,23.63,76,100,8.55,overcast clouds
601,Tautira,PF,-17.7333,-149.15,79.43,80,98,17.63,light rain
602,Guican,CO,6.4618,-72.4113,57.36,79,99,1.21,overcast clouds
603,Teresopolis,BR,-22.4122,-42.9656,83.32,47,21,0.63,few clouds
604,Moose Factory,CA,51.2585,-80.6094,20.25,81,96,5.86,overcast clouds
605,Candolim,IN,15.5181,73.7626,76.98,82,27,9.78,light rain
606,Huari,PE,-9.3333,-77.2333,49.91,72,99,4.07,light rain
607,Bambanglipuro,ID,-7.95,110.2833,76.24,81,77,1.61,broken clouds
608,Blagoyevo,RU,63.3667,47.9167,-7.38,100,97,0.49,overcast clouds
609,Goundam,ML,16.4145,-3.6708,91.47,11,3,8.99,clear sky
610,Astakos,GR,38.5356,21.0814,59.65,59,57,26.35,light rain
611,Riyadh,SA,24.6877,46.7219,67.91,24,0,7.43,clear sky
612,Port Hedland,AU,-20.3167,118.5667,81.75,74,1,14.81,clear sky
613,Wanning,CN,18.8003,110.3967,68.41,82,46,8.97,scattered clouds
614,Rheden,NL,52.0167,6.05,39.25,86,65,5.28,broken clouds
615,Namtsy,RU,62.7161,129.6658,-13.07,100,99,1.61,overcast clouds
616,Omsukchan,RU,62.5333,155.8,-13.54,99,100,4.29,overcast clouds
617,Prainha,BR,-1.8,-53.48,91.18,46,48,5.46,scattered clouds
618,Umm Kaddadah,SD,13.6017,26.6876,83.17,24,36,11.77,scattered clouds
619,Black River,JM,18.0264,-77.8487,84.67,53,100,3.4,overcast clouds
620,Mollendo,PE,-17.0231,-72.0147,70.34,73,62,9.42,broken clouds
621,Souris,CA,49.6172,-100.2612,28.74,92,93,6.82,overcast clouds
622,Phalombe,MW,-15.8064,35.6507,75.42,42,20,4.99,few clouds
623,Geri,CY,35.1,33.4167,65.73,84,91,6.82,overcast clouds
624,Touros,BR,-5.1989,-35.4608,86.2,61,9,14.43,clear sky
625,Svetlogorsk,BY,52.6333,29.7333,44.91,98,100,5.19,overcast clouds
626,Rio Branco,BR,-9.9747,-67.81,86.58,59,99,3.2,overcast clouds
627,Damietta,EG,31.4165,31.8133,73.83,63,82,10.16,broken clouds
628,Aksu,CN,41.1231,80.2644,27.03,45,3,1.57,clear sky
629,Graaff-Reinet,ZA,-32.2522,24.5308,84.54,11,45,9.71,scattered clouds
630,Vung Tau,VN,10.346,107.0843,78.42,87,100,14.92,overcast clouds
631,Seymchan,RU,62.8833,152.4333,-13.63,99,100,2.17,overcast clouds
632,Eureka,US,40.8021,-124.1637,54.36,85,61,5.68,broken clouds
633,Bereznik,RU,62.8551,42.7072,1.71,98,100,3.04,overcast clouds
634,Tura,IN,25.5198,90.2201,60.35,75,73,4.27,broken clouds
635,Santa Maria Do Suacui,BR,-18.1903,-42.4142,88.39,44,93,4.09,overcast clouds
636,Asfi,MA,32.2994,-9.2372,63.34,63,0,16.6,clear sky
637,Novonukutskiy,RU,53.7002,102.7117,21.96,93,100,6.58,overcast clouds
638,Pontianak,ID,-0.0333,109.3333,74.97,94,99,2.48,overcast clouds
639,Raton,US,36.9034,-104.4391,60.66,20,0,3.13,clear sky
640,Ust-Omchug,RU,61.15,149.6333,-16.49,98,100,5.82,overcast clouds
641,Antofagasta,CL,-23.65,-70.4,68.58,61,0,8.1,clear sky
642,Kendari,ID,-3.945,122.4989,75.36,94,100,3.65,overcast clouds
643,Batemans Bay,AU,-35.7167,150.1833,53.96,94,4,3.76,clear sky
644,Manzanillo,CU,20.3433,-77.1167,81.64,62,64,4.7,broken clouds
645,Sortland,NO,68.6949,15.4162,27.68,86,100,7.34,snow
646,Bandar-E Lengeh,IR,26.5579,54.8807,74.8,58,0,1.95,clear sky
647,Okha,RU,53.5739,142.9478,20.59,76,100,15.14,overcast clouds
648,Tomatlan,MX,19.9333,-105.25,86.65,43,2,1.86,clear sky
649,Sirjan,IR,29.452,55.6814,55.06,37,84,3.94,broken clouds
650,Rochegda,RU,62.8,43.25,5.23,96,100,3.76,overcast clouds
651,Deniliquin,AU,-35.5333,144.9667,64.08,60,0,5.84,clear sky
652,Rio Grande,BR,-32.035,-52.0986,65.08,87,100,24.56,overcast clouds
653,Meadow Lake,US,34.8014,-106.5436,52.45,29,0,4.21,clear sky
654,Gogrial,SS,8.5332,28.1004,91.18,28,92,3.78,overcast clouds
655,Chkalovsk,RU,56.7647,43.2433,37.38,98,100,16.17,overcast clouds
656,Riviere-Du-Loup,CA,47.8304,-69.5342,24.58,70,65,5.73,broken clouds
657,Sao Jose Da Coroa Grande,BR,-8.8978,-35.1478,84.47,65,77,13.49,broken clouds
658,Tilichiki,RU,60.4667,166.1,28.15,93,100,26.6,snow
659,Le Mars,US,42.7942,-96.1656,56.43,46,76,14.81,broken clouds
660,Kokuy,RU,52.2037,117.5529,-6.07,100,41,1.28,scattered clouds
661,Lobez,PL,53.6392,15.6213,34.56,84,98,8.97,overcast clouds
662,Marsa Matruh,EG,31.3525,27.2453,75.49,36,100,10.4,overcast clouds
663,Outram,MY,1.2829,103.8379,81.88,72,99,6.15,overcast clouds
664,Deltona,US,28.9005,-81.2637,66.88,40,0,8.16,clear sky
665,Isla Mujeres,MX,21.2311,-86.731,80.62,60,19,6.17,few clouds
666,General Roca,AR,-39.0333,-67.5833,82.08,15,6,5.79,clear sky
667,Samana,DO,19.2056,-69.3369,84.65,59,25,3.89,scattered clouds
668,Quang Ngai,VN,15.1167,108.8,73.98,97,100,10.29,overcast clouds
669,Paamiut,GL,61.994,-49.6678,33.28,96,100,31.25,light snow
670,Saint-Augustin,CA,51.226,-58.6502,35.73,65,35,16.93,scattered clouds
671,Sangin,AF,32.0728,64.8359,57.9,29,79,7.76,broken clouds
672,Damavand,IR,35.7178,52.065,41.68,68,26,4.43,scattered clouds
673,Pimenta Bueno,BR,-11.6725,-61.1936,89.33,56,77,5.91,broken clouds
674,Mandan,US,46.8267,-100.8896,46.99,62,26,11.92,scattered clouds
675,Inuvik,CA,68.3499,-133.7218,-21.19,99,96,7.7,overcast clouds
676,Istanbul,TR,41.0351,28.9833,62.04,69,100,27.34,light rain
677,Buncrana,IE,55.1333,-7.45,50.77,92,99,16.73,overcast clouds
678,San Fernando De Henares,ES,40.4239,-3.5326,50.52,60,9,6.29,clear sky
679,Southbridge,US,42.0751,-72.0334,37.18,65,93,6.73,overcast clouds
680,Camrose,CA,53.0168,-112.8353,31.46,83,50,7.43,scattered clouds
681,Ca Mau,VN,9.1769,105.15,73.83,99,100,4.68,moderate rain
682,Silver City,US,32.7701,-108.2803,55.38,27,0,4.47,clear sky
683,Namatanai,PG,-3.6667,152.4333,80.37,82,100,9.33,light rain
684,Zhangjiakou,CN,40.81,114.8794,26.8,60,79,14.34,broken clouds
685,Pemangkat,ID,1.1667,108.9667,79.23,80,100,3.94,moderate rain
686,Mugur-Aksy,RU,50.35,90.5,8.2,78,41,5.86,scattered clouds
687,Shakawe,BW,-18.3667,21.85,76.77,53,99,6.4,overcast clouds
688,Oksfjord,NO,70.2396,22.3479,13.01,78,13,11.43,few clouds
689,Antsohihy,MG,-14.8796,47.9875,78.1,84,52,4.32,light rain
690,Montepuez,MZ,-13.1256,38.9997,80.37,53,54,11.36,broken clouds
691,Songea,TZ,-10.6833,35.65,72.9,60,98,3.31,overcast clouds
692,Hanko,FI,59.8333,22.95,27.39,79,100,21.39,overcast clouds
693,Alekseyevsk,RU,57.8406,108.3492,11.39,90,100,9.89,overcast clouds
694,Cam Ranh,VN,11.9214,109.1591,75.38,92,98,9.08,overcast clouds
695,Fukue,JP,32.6881,128.8419,64.06,68,65,17.87,broken clouds
696,Pecos,US,31.4229,-103.4932,64.53,30,1,5.86,clear sky
697,Xining,CN,36.6167,101.7667,19.26,51,0,1.66,clear sky
698,Chumikan,RU,54.7183,135.315,0.66,90,76,12.39,broken clouds
699,Faya,SA,18.3851,42.4509,58.75,35,0,11.68,clear sky
700,Bonthe,SL,7.5264,-12.505,84.09,70,87,6.6,overcast clouds
701,Westport,US,41.1415,-73.3579,39.7,60,75,11.77,broken clouds
